model,display_name,experiment,condition,n,correct,errors,accuracy_pct,wilson95_low_pct,wilson95_high_pct
qwen3_4b,Qwen3 4B,1,L0,100,100,0,100.0,96.301,100.0
qwen3_4b,Qwen3 4B,1,L1,100,86,14,86.0,77.863,91.474
qwen3_4b,Qwen3 4B,1,L2,100,81,19,81.0,72.221,87.485
qwen3_4b,Qwen3 4B,1,L4,100,89,11,89.0,81.369,93.746
qwen3_4b,Qwen3 4B,2,N0,100,100,0,100.0,96.301,100.0
qwen3_4b,Qwen3 4B,2,N1,100,99,1,99.0,94.551,99.823
qwen3_4b,Qwen3 4B,2,N2,100,94,6,94.0,87.523,97.221
qwen3_4b,Qwen3 4B,2,N4,100,97,3,97.0,91.548,98.975
qwen3_4b,Qwen3 4B,4,L1,100,100,0,100.0,96.301,100.0
qwen3_4b,Qwen3 4B,4,L2,100,100,0,100.0,96.301,100.0
qwen3_4b,Qwen3 4B,4,L4,100,98,2,98.0,92.999,99.45
qwen3_8b,Qwen3 8B,1,L0,100,100,0,100.0,96.301,100.0
qwen3_8b,Qwen3 8B,1,L1,100,98,2,98.0,92.999,99.45
qwen3_8b,Qwen3 8B,1,L2,100,100,0,100.0,96.301,100.0
qwen3_8b,Qwen3 8B,1,L4,100,99,1,99.0,94.551,99.823
qwen3_8b,Qwen3 8B,2,N0,100,100,0,100.0,96.301,100.0
qwen3_8b,Qwen3 8B,2,N1,100,99,1,99.0,94.551,99.823
qwen3_8b,Qwen3 8B,2,N2,100,100,0,100.0,96.301,100.0
qwen3_8b,Qwen3 8B,2,N4,100,100,0,100.0,96.301,100.0
qwen3_8b,Qwen3 8B,4,L1,100,100,0,100.0,96.301,100.0
qwen3_8b,Qwen3 8B,4,L2,100,100,0,100.0,96.301,100.0
qwen3_8b,Qwen3 8B,4,L4,100,100,0,100.0,96.301,100.0
gemma3_4b,Gemma 3 4B,1,L0,100,40,60,40.0,30.94,49.8
gemma3_4b,Gemma 3 4B,1,L1,100,42,58,42.0,32.798,51.794
gemma3_4b,Gemma 3 4B,1,L2,100,53,47,53.0,43.289,62.489
gemma3_4b,Gemma 3 4B,1,L4,100,67,33,67.0,57.305,75.437
gemma3_4b,Gemma 3 4B,2,N0,100,36,64,36.0,27.271,45.765
gemma3_4b,Gemma 3 4B,2,N1,100,32,68,32.0,23.669,41.663
gemma3_4b,Gemma 3 4B,2,N2,100,44,56,44.0,34.672,53.772
gemma3_4b,Gemma 3 4B,2,N4,100,43,57,43.0,33.733,52.785
gemma3_4b,Gemma 3 4B,4,L1,100,88,12,88.0,80.188,93.001
gemma3_4b,Gemma 3 4B,4,L2,100,85,15,85.0,76.716,90.694
gemma3_4b,Gemma 3 4B,4,L4,100,89,11,89.0,81.369,93.746
gemma4_12b,Gemma 4 12B,1,L0,100,100,0,100.0,96.301,100.0
gemma4_12b,Gemma 4 12B,1,L1,100,100,0,100.0,96.301,100.0
gemma4_12b,Gemma 4 12B,1,L2,100,100,0,100.0,96.301,100.0
gemma4_12b,Gemma 4 12B,1,L4,100,100,0,100.0,96.301,100.0
gemma4_12b,Gemma 4 12B,2,N0,100,100,0,100.0,96.301,100.0
gemma4_12b,Gemma 4 12B,2,N1,100,100,0,100.0,96.301,100.0
gemma4_12b,Gemma 4 12B,2,N2,100,100,0,100.0,96.301,100.0
gemma4_12b,Gemma 4 12B,2,N4,100,100,0,100.0,96.301,100.0
gemma4_12b,Gemma 4 12B,4,L1,100,100,0,100.0,96.301,100.0
gemma4_12b,Gemma 4 12B,4,L2,100,100,0,100.0,96.301,100.0
gemma4_12b,Gemma 4 12B,4,L4,100,100,0,100.0,96.301,100.0
