model,display_name,experiment,condition,n,correct,general,near_match,distractor,explicit_none,parse_failure,out_of_set,other_valid
qwen3_4b,Qwen3 4B,1,L0,100,100,0,0,0,0,0,0,0
qwen3_4b,Qwen3 4B,1,L1,100,86,14,0,0,0,0,0,0
qwen3_4b,Qwen3 4B,1,L2,100,81,19,0,0,0,0,0,0
qwen3_4b,Qwen3 4B,1,L4,100,89,11,0,0,0,0,0,0
qwen3_4b,Qwen3 4B,2,N0,100,100,0,0,0,0,0,0,0
qwen3_4b,Qwen3 4B,2,N1,100,99,0,0,0,1,0,0,0
qwen3_4b,Qwen3 4B,2,N2,100,94,0,3,2,1,0,0,0
qwen3_4b,Qwen3 4B,2,N4,100,97,0,2,0,1,0,0,0
qwen3_4b,Qwen3 4B,4,L1,100,100,0,0,0,0,0,0,0
qwen3_4b,Qwen3 4B,4,L2,100,100,0,0,0,0,0,0,0
qwen3_4b,Qwen3 4B,4,L4,100,98,2,0,0,0,0,0,0
qwen3_8b,Qwen3 8B,1,L0,100,100,0,0,0,0,0,0,0
qwen3_8b,Qwen3 8B,1,L1,100,98,2,0,0,0,0,0,0
qwen3_8b,Qwen3 8B,1,L2,100,100,0,0,0,0,0,0,0
qwen3_8b,Qwen3 8B,1,L4,100,99,1,0,0,0,0,0,0
qwen3_8b,Qwen3 8B,2,N0,100,100,0,0,0,0,0,0,0
qwen3_8b,Qwen3 8B,2,N1,100,99,0,0,0,0,1,0,0
qwen3_8b,Qwen3 8B,2,N2,100,100,0,0,0,0,0,0,0
qwen3_8b,Qwen3 8B,2,N4,100,100,0,0,0,0,0,0,0
qwen3_8b,Qwen3 8B,4,L1,100,100,0,0,0,0,0,0,0
qwen3_8b,Qwen3 8B,4,L2,100,100,0,0,0,0,0,0,0
qwen3_8b,Qwen3 8B,4,L4,100,100,0,0,0,0,0,0,0
gemma3_4b,Gemma 3 4B,1,L0,100,40,0,0,5,55,0,0,0
gemma3_4b,Gemma 3 4B,1,L1,100,42,27,0,3,28,0,0,0
gemma3_4b,Gemma 3 4B,1,L2,100,53,27,0,2,18,0,0,0
gemma3_4b,Gemma 3 4B,1,L4,100,67,22,0,1,10,0,0,0
gemma3_4b,Gemma 3 4B,2,N0,100,36,0,0,10,54,0,0,0
gemma3_4b,Gemma 3 4B,2,N1,100,32,0,5,9,53,1,0,0
gemma3_4b,Gemma 3 4B,2,N2,100,44,0,10,6,40,0,0,0
gemma3_4b,Gemma 3 4B,2,N4,100,43,0,19,2,36,0,0,0
gemma3_4b,Gemma 3 4B,4,L1,100,88,11,0,0,1,0,0,0
gemma3_4b,Gemma 3 4B,4,L2,100,85,12,0,0,3,0,0,0
gemma3_4b,Gemma 3 4B,4,L4,100,89,6,0,0,5,0,0,0
gemma4_12b,Gemma 4 12B,1,L0,100,100,0,0,0,0,0,0,0
gemma4_12b,Gemma 4 12B,1,L1,100,100,0,0,0,0,0,0,0
gemma4_12b,Gemma 4 12B,1,L2,100,100,0,0,0,0,0,0,0
gemma4_12b,Gemma 4 12B,1,L4,100,100,0,0,0,0,0,0,0
gemma4_12b,Gemma 4 12B,2,N0,100,100,0,0,0,0,0,0,0
gemma4_12b,Gemma 4 12B,2,N1,100,100,0,0,0,0,0,0,0
gemma4_12b,Gemma 4 12B,2,N2,100,100,0,0,0,0,0,0,0
gemma4_12b,Gemma 4 12B,2,N4,100,100,0,0,0,0,0,0,0
gemma4_12b,Gemma 4 12B,4,L1,100,100,0,0,0,0,0,0,0
gemma4_12b,Gemma 4 12B,4,L2,100,100,0,0,0,0,0,0,0
gemma4_12b,Gemma 4 12B,4,L4,100,100,0,0,0,0,0,0,0
