model,display_name,experiment,comparison,families,correct_to_correct,correct_to_wrong,wrong_to_correct,wrong_to_wrong
qwen3_4b,Qwen3 4B,1,L0->L1,100,86,14,0,0
qwen3_4b,Qwen3 4B,1,L0->L2,100,81,19,0,0
qwen3_4b,Qwen3 4B,1,L0->L4,100,89,11,0,0
qwen3_4b,Qwen3 4B,2,N0->N1,100,99,1,0,0
qwen3_4b,Qwen3 4B,2,N0->N2,100,94,6,0,0
qwen3_4b,Qwen3 4B,2,N0->N4,100,97,3,0,0
qwen3_8b,Qwen3 8B,1,L0->L1,100,98,2,0,0
qwen3_8b,Qwen3 8B,1,L0->L2,100,100,0,0,0
qwen3_8b,Qwen3 8B,1,L0->L4,100,99,1,0,0
qwen3_8b,Qwen3 8B,2,N0->N1,100,99,1,0,0
qwen3_8b,Qwen3 8B,2,N0->N2,100,100,0,0,0
qwen3_8b,Qwen3 8B,2,N0->N4,100,100,0,0,0
gemma3_4b,Gemma 3 4B,1,L0->L1,100,27,13,15,45
gemma3_4b,Gemma 3 4B,1,L0->L2,100,28,12,25,35
gemma3_4b,Gemma 3 4B,1,L0->L4,100,34,6,33,27
gemma3_4b,Gemma 3 4B,2,N0->N1,100,21,15,11,53
gemma3_4b,Gemma 3 4B,2,N0->N2,100,24,12,20,44
gemma3_4b,Gemma 3 4B,2,N0->N4,100,20,16,23,41
gemma4_12b,Gemma 4 12B,1,L0->L1,100,100,0,0,0
gemma4_12b,Gemma 4 12B,1,L0->L2,100,100,0,0,0
gemma4_12b,Gemma 4 12B,1,L0->L4,100,100,0,0,0
gemma4_12b,Gemma 4 12B,2,N0->N1,100,100,0,0,0
gemma4_12b,Gemma 4 12B,2,N0->N2,100,100,0,0,0
gemma4_12b,Gemma 4 12B,2,N0->N4,100,100,0,0,0
