id,condition,winner,selected,outcome,applicable_rules,general_rules,last_applicable,selected_is_last_applicable,uniform_expected_probability,winner_positive_mention_heuristic,raw_response
exp1_f002_L2,L2,R7,R4,general,"R4, R6, R7","R4, R6",R7,False,0.0,False,"Looking at the query:  
a1=v3  
a2=v3  
a3=v3  
a4=v1  
a5=v3  
a6=v3  

Now, check which rules apply:

- **R1**: a1=v1 (no), a6=v2 (no), a2=v3 (yes), a3=v3 (yes) → **does not apply**
- **R2**: a3=v2 (no), a2=v1 (no), a5=v3 (yes), a6=v3 (yes) → **does not apply**
- **R3**: a5=v1 (no), a4=v2 (no), a3=v3 (yes) → **does not apply**
- **R4**: a5=v3 (yes), a6=v3 (yes), a1=v3 (yes) → **applies**
- **R5**: a1=v1 (no), a2=v2 (no), a3=v3 (yes) → **does not apply**
- **R6**: a2=v3 (yes), a5=v3 (yes), a1=v3 (yes) → **applies**
- **R7**: a2=v3 (yes), a5=v3 (yes), a6=v2 (no), a1=v3 (yes) → **does not apply**
- **R8**: a2=v2 (no), a5=v2 (no), a3=v3 (yes), a4=v1 (yes) → **does not apply**
- **R9**: a4=v3 (no), a6=v1 (no), a2=v3 (yes) → **does not apply**
- **R10**: a5=v2 (no), a1=v2 (no) → **does not apply**

So, **R4** and **R6** apply. Now, choose the rule with the most conditions:

- **R4** has 3 conditions
- **R6** has 3 conditions

Both have the same number of conditions, so we choose the one that appears first in the list.

ANSWER: R4"
exp1_f002_L4,L4,R7,R9,general,"R4, R5, R6, R7, R9","R4, R5, R6, R9",R9,True,0.25,False,"The query is:
a1=v3
a2=v3
a3=v3
a4=v1
a5=v3
a6=v3

Now, let's check which rules apply:

- **R1**: a1=v1 (no), a6=v2 (no), a2=v3 (yes), a3=v3 (yes) → does not apply.
- **R2**: a3=v2 (no), a2=v1 (no), a5=v3 (yes), a6=v3 (yes) → does not apply.
- **R3**: a5=v1 (no), a4=v2 (no), a3=v3 (yes) → does not apply.
- **R4**: a5=v3 (yes), a6=v3 (yes), a1=v3 (yes) → applies.
- **R5**: a2=v3 (yes), a6=v3 (yes), a1=v3 (yes) → applies.
- **R6**: a2=v3 (yes), a5=v3 (yes), a1=v3 (yes) → applies.
- **R7**: a2=v3 (yes), a5=v3 (yes), a6=v3 (yes), a1=v2 (no) → does not apply.
- **R8**: a2=v2 (no), a5=v2 (no), a3=v3 (yes), a4=v1 (yes) → does not apply.
- **R9**: a2=v3 (yes), a5=v3 (yes), a6=v3 (yes) → applies.
- **R10**: a5=v2 (no), a1=v2 (no) → does not apply.

Now, we select the rule with the most conditions that apply. Rules R4, R5, R6, and R9 all apply, but R9 has the most conditions (3 conditions: a2=v3, a5=v3, a6=v3).

ANSWER: R9"
exp1_f003_L2,L2,R2,R9,general,"R2, R7, R9","R7, R9",R9,True,0.5,True,"I will evaluate the query against each rule to see if it applies.

**Query values:**
- a1 = v3
- a2 = v3
- a3 = v2
- a4 = v3
- a5 = v1
- a6 = v3

**Rule evaluations:**

**R1:** IF a5=v3 AND a2=v1 AND a6=v3 → Does not apply (a5 = v1, a2 = v3)
**R2:** IF a1=v3 AND a3=v2 AND a2=v3 AND a6=v3 → All conditions match (a1 = v3, a3 = v2, a2 = v3, a6 = v3) → Applies
**R3:** IF a4=v2 AND a3=v1 AND a6=v3 AND a5=v1 → Does not apply (a4 = v3, a3 = v2)
**R4:** IF a5=v2 AND a2=v1 → Does not apply (a5 = v1, a2 = v3)
**R5:** IF a2=v1 AND a6=v1 AND a1=v3 AND a5=v1 → Does not apply (a2 = v3, a6 = v3)
**R6:** IF a6=v1 AND a1=v1 AND a2=v3 → Does not apply (a6 = v3, a1 = v3)
**R7:** IF a1=v3 AND a3=v2 AND a2=v3 → All conditions match (a1 = v3, a3 = v2, a2 = v3) → Applies
**R8:** IF a5=v3 AND a1=v1 AND a6=v3 → Does not apply (a5 = v1, a1 = v3)
**R9:** IF a1=v3 AND a2=v3 AND a6=v3 → All conditions match (a1 = v3, a2 = v3, a6 = v3) → Applies
**R10:** IF a3=v1 AND a5=v3 AND a4=v3 AND a1=v3 → Does not apply (a3 = v2, a5 = v1)

**Applicable rules:** R2, R7, R9

Among these, R9 has the most conditions (3 conditions), so it is the most applicable rule.

ANSWER: R9"
exp1_f006_L4,L4,R3,R9,general,"R1, R3, R4, R5, R9","R1, R4, R5, R9",R9,True,0.25,True,"Looking at the query:
- a1 = v3
- a2 = v2
- a3 = v1
- a4 = v3
- a5 = v3
- a6 = v2

Now, let's check which rules apply:

**R1**: a5=v3 AND a4=v3 AND a3=v1 → All conditions match. This rule applies.
**R2**: a2=v1 AND a1=v2 AND a3=v1 AND a6=v2 → a2 is v2, not v1. This rule does not apply.
**R3**: a5=v3 AND a4=v3 AND a3=v1 AND a1=v3 → All conditions match. This rule applies.
**R4**: a4=v3 AND a3=v1 AND a1=v3 → All conditions match. This rule applies.
**R5**: a5=v3 AND a3=v1 AND a1=v3 → All conditions match. This rule applies.
**R6**: a3=v3 AND a2=v1 AND a1=v3 → a3 is v1, not v3. This rule does not apply.
**R7**: a2=v3 AND a6=v1 AND a1=v3 AND a5=v3 → a2 is v2, not v3. This rule does not apply.
**R8**: a3=v3 AND a2=v1 AND a1=v3 → a3 is v1, not v3. This rule does not apply.
**R9**: a5=v3 AND a4=v3 AND a1=v3 → All conditions match. This rule applies.
**R10**: a2=v1 AND a6=v1 AND a5=v3 AND a4=v3 → a2 is v2, not v1. This rule does not apply.

So, the applicable rules are: R1, R3, R4, R5, and R9.

Among these, the rule with the most conditions is R9 (3 conditions), followed by R1, R3, R4, and R5 (each has 3 conditions).

Since R9 has the most conditions, it is the applicable rule.

ANSWER: R9"
exp1_f007_L1,L1,R1,R4,general,"R1, R4",R4,R4,True,1.0,True,"I will evaluate the query against each rule to see if it matches.

QUERY:
a1=v1
a2=v3
a3=v1
a4=v2
a5=v2
a6=v2

Now, let's check each rule:

R1: IF a1=v1 AND a3=v1 AND a5=v2 AND a4=v2 → All conditions match. This rule applies.
R2: IF a3=v2 AND a1=v2 AND a4=v2 → a3 is v1, so this rule does not apply.
R3: IF a1=v3 AND a6=v3 AND a4=v2 → a1 is v1, so this rule does not apply.
R4: IF a3=v1 AND a5=v2 AND a4=v2 → All conditions match. This rule applies.
R5: IF a3=v2 AND a4=v1 AND a6=v2 AND a5=v2 → a3 is v1, so this rule does not apply.
R6: IF a4=v1 AND a6=v3 → a4 is v2, so this rule does not apply.
R7: IF a4=v3 AND a5=v3 AND a1=v1 → a4 is v2, so this rule does not apply.
R8: IF a3=v3 AND a4=v3 AND a1=v1 AND a6=v2 → a3 is v1, so this rule does not apply.
R9: IF a6=v3 AND a1=v3 AND a3=v1 AND a4=v2 → a6 is v2, so this rule does not apply.
R10: IF a4=v3 AND a5=v1 AND a1=v1 → a4 is v2, so this rule does not apply.

So, R1 and R4 both apply. Since R4 has more conditions (3 conditions) compared to R1 (3 conditions), they are equally applicable. However, the problem states to choose the rule with the most conditions, and both have the same number of conditions. In such a case, we can choose either. Since R4 is mentioned first in the list, I will select it.

ANSWER: R4"
exp1_f007_L2,L2,R1,R4,general,"R1, R3, R4","R3, R4",R4,True,0.5,True,"I will evaluate the query against each rule to see if it matches.

QUERY:
a1=v1
a2=v3
a3=v1
a4=v2
a5=v2
a6=v2

Now, let's check each rule:

R1: IF a1=v1 AND a3=v1 AND a5=v2 AND a4=v2 → All conditions match. This rule applies.
R2: IF a3=v2 AND a1=v2 AND a4=v2 → Does not apply (a3 is v1, a1 is v1).
R3: IF a1=v1 AND a5=v2 AND a4=v2 → All conditions match. This rule applies.
R4: IF a3=v1 AND a5=v2 AND a4=v2 → All conditions match. This rule applies.
R5: IF a3=v2 AND a4=v1 AND a6=v2 AND a5=v2 → Does not apply (a3 is v1, a4 is v2).
R6: IF a4=v1 AND a6=v3 → Does not apply (a4 is v2, a6 is v2).
R7: IF a4=v3 AND a5=v3 AND a1=v1 → Does not apply (a4 is v2, a5 is v2).
R8: IF a3=v3 AND a4=v3 AND a1=v1 AND a6=v2 → Does not apply (a3 is v1, a4 is v2).
R9: IF a6=v3 AND a1=v3 AND a3=v1 AND a4=v2 → Does not apply (a6 is v2, a1 is v1).
R10: IF a4=v3 AND a5=v1 AND a1=v1 → Does not apply (a4 is v2, a5 is v2).

Rules R1, R3, and R4 all apply. Among these, R4 has the most conditions (3 conditions), so it is the most applicable rule.

ANSWER: R4"
exp1_f008_L2,L2,R2,R9,general,"R2, R6, R9","R6, R9",R9,True,0.5,True,"I will evaluate the query against each rule to see if it matches.

QUERY:
a1=v3
a2=v1
a3=v3
a4=v1
a5=v2
a6=v3

Now, let's check each rule:

R1: IF a5=v1 AND a2=v3 AND a1=v3 AND a6=v3 → Does not match (a5=v2, a2=v1)
R2: IF a6=v3 AND a5=v2 AND a3=v3 AND a1=v3 → Matches all conditions
R3: IF a6=v2 AND a5=v3 AND a2=v1 → Does not match (a6=v3)
R4: IF a2=v2 AND a3=v2 AND a4=v1 → Does not match (a2=v1, a3=v3)
R5: IF a4=v3 AND a2=v2 AND a5=v2 AND a3=v3 → Does not match (a4=v1)
R6: IF a6=v3 AND a5=v2 AND a3=v3 → Matches all conditions
R7: IF a2=v3 AND a4=v3 → Does not match (a2=v1)
R8: IF a4=v2 AND a2=v2 AND a5=v2 → Does not match (a4=v1, a2=v1)
R9: IF a5=v2 AND a3=v3 AND a1=v3 → Matches all conditions
R10: IF a6=v2 AND a5=v3 AND a3=v3 AND a2=v1 → Does not match (a6=v3)

So, R2, R6, and R9 all match. Among these, R9 has the most conditions (3 conditions), so it is the applicable rule.

ANSWER: R9"
exp1_f009_L1,L1,R6,R8,general,"R6, R8",R8,R8,True,1.0,True,"Looking at the query:
- a1 = v1
- a2 = v1
- a3 = v1
- a4 = v2
- a5 = v3
- a6 = v1

Now, check which rules apply:

**R1**: a5=v2 AND a1=v2 AND a4=v2 → No (a5 = v3)
**R2**: a4=v3 AND a3=v3 AND a5=v3 → No (a4 = v2)
**R3**: a6=v2 AND a4=v1 AND a2=v1 AND a5=v3 → No (a6 = v1)
**R4**: a1=v3 AND a4=v1 AND a3=v1 AND a5=v3 → No (a1 = v1)
**R5**: a3=v3 AND a4=v1 → No (a3 = v1)
**R6**: a6=v1 AND a2=v1 AND a1=v1 AND a5=v3 → Yes (all conditions match)
**R7**: a3=v3 AND a6=v2 AND a4=v2 → No (a3 = v1)
**R8**: a2=v1 AND a1=v1 AND a5=v3 → Yes (all conditions match)
**R9**: a4=v3 AND a2=v3 AND a3=v1 → No (a4 = v2)
**R10**: a4=v1 AND a2=v2 AND a1=v1 AND a5=v3 → No (a2 = v1)

Both **R6** and **R8** apply. Since **R8** has more conditions, it is the applicable rule.

ANSWER: R8"
exp1_f009_L4,L4,R6,R9,general,"R1, R6, R7, R8, R9","R1, R7, R8, R9",R9,True,0.25,False,"I will evaluate the query against each rule to see if it applies.

**Query values:**
- a1 = v1
- a2 = v1
- a3 = v1
- a4 = v2
- a5 = v3
- a6 = v1

**Rule evaluation:**

**R1:** IF a6=v1 AND a2=v1 AND a5=v3  
- a6 = v1 ✅  
- a2 = v1 ✅  
- a5 = v3 ✅  
→ **Applies**

**R2:** IF a4=v3 AND a3=v3 AND a5=v3  
- a4 = v2 ❌  
→ **Does not apply**

**R3:** IF a6=v2 AND a4=v1 AND a2=v1 AND a5=v3  
- a6 = v1 ❌  
→ **Does not apply**

**R4:** IF a1=v3 AND a4=v1 AND a3=v1 AND a5=v3  
- a1 = v1 ❌  
→ **Does not apply**

**R5:** IF a3=v3 AND a4=v1  
- a3 = v1 ❌  
→ **Does not apply**

**R6:** IF a6=v1 AND a2=v1 AND a1=v1 AND a5=v3  
- a6 = v1 ✅  
- a2 = v1 ✅  
- a1 = v1 ✅  
- a5 = v3 ✅  
→ **Applies**

**R7:** IF a6=v1 AND a1=v1 AND a5=v3  
- a6 = v1 ✅  
- a1 = v1 ✅  
- a5 = v3 ✅  
→ **Applies**

**R8:** IF a2=v1 AND a1=v1 AND a5=v3  
- a2 = v1 ✅  
- a1 = v1 ✅  
- a5 = v3 ✅  
→ **Applies**

**R9:** IF a6=v1 AND a2=v1 AND a1=v1  
- a6 = v1 ✅  
- a2 = v1 ✅  
- a1 = v1 ✅  
→ **Applies**

**R10:** IF a4=v1 AND a2=v2 AND a1=v1 AND a5=v3  
- a4 = v2 ❌  
→ **Does not apply**

**Summary of applicable rules:**
- R1
- R6
- R7
- R8
- R9

Now, we choose the rule with the most conditions.  
- R1 has 3 conditions.  
- R6, R7, R8, and R9 each have 3 conditions.

Since R1 and R6, R7, R8, and R9 all have the same number of conditions, we choose the one with the highest rule number.

**ANSWER: R9**"
exp1_f019_L2,L2,R7,R1,general,"R1, R4, R7","R1, R4",R7,False,0.0,True,"Let's evaluate the query against each rule:

**Query values:**
- a1 = v2
- a2 = v3
- a3 = v1
- a4 = v2
- a5 = v3
- a6 = v2

### Rule Evaluation:

**R1:** IF a1=v2 AND a6=v2 AND a4=v2  
- a1 = v2 ✅  
- a6 = v2 ✅  
- a4 = v2 ✅  
→ **R1 applies**

**R2:** IF a6=v3 AND a5=v2 AND a2=v3  
- a6 = v2 ❌  
→ **R2 does not apply**

**R3:** IF a3=v2 AND a2=v1 AND a4=v2 AND a1=v2  
- a3 = v1 ❌  
→ **R3 does not apply**

**R4:** IF a1=v2 AND a6=v2 AND a3=v1  
- a1 = v2 ✅  
- a6 = v2 ✅  
- a3 = v1 ✅  
→ **R4 applies**

**R5:** IF a1=v3 AND a4=v1 AND a6=v2 AND a3=v1  
- a1 = v2 ❌  
→ **R5 does not apply**

**R6:** IF a5=v2 AND a1=v1  
- a5 = v3 ❌  
→ **R6 does not apply**

**R7:** IF a1=v2 AND a6=v2 AND a3=v1 AND a4=v2  
- a1 = v2 ✅  
- a6 = v2 ✅  
- a3 = v1 ✅  
- a4 = v2 ✅  
→ **R7 applies**

**R8:** IF a4=v3 AND a1=v3 AND a3=v1 AND a2=v3  
- a4 = v2 ❌  
→ **R8 does not apply**

**R9:** IF a2=v2 AND a4=v3 AND a3=v1  
- a2 = v3 ❌  
→ **R9 does not apply**

**R10:** IF a4=v1 AND a3=v3 AND a6=v2  
- a4 = v2 ❌  
→ **R10 does not apply**

### Summary:
- R1 applies
- R4 applies
- R7 applies

Now, we choose the rule with the most conditions. All three rules (R1, R4, and R7) have **3 conditions**. Since they all have the same number of conditions, we select the one that appears **first** in the list.

**ANSWER: R1**"
exp1_f021_L4,L4,R4,R9,general,"R4, R7, R8, R9, R10","R7, R8, R9, R10",R10,False,0.25,True,"a1=v1
a2=v2
a3=v2
a4=v2
a5=v1
a6=v1

This query matches R4, R7, R8, and R9. Among these, R9 has the most conditions (4 conditions), so it is the applicable rule.

ANSWER: R9"
exp1_f028_L2,L2,R2,R9,general,"R2, R3, R9","R3, R9",R9,True,0.5,True,"I will evaluate the query against each rule to see if it matches.

QUERY:
a1=v1
a2=v2
a3=v3
a4=v1
a5=v1
a6=v3

Now, let's check each rule:

R1: a5=v2 AND a6=v1 AND a1=v1 → No (a5=v1, a6=v3)
R2: a2=v2 AND a3=v3 AND a6=v3 AND a1=v1 → Yes (all conditions match)
R3: a2=v2 AND a6=v3 AND a1=v1 → Yes (all conditions match)
R4: a2=v1 AND a5=v2 AND a3=v3 → No (a2=v2, a5=v1)
R5: a6=v1 AND a1=v3 → No (a6=v3, a1=v1)
R6: a4=v3 AND a2=v1 AND a6=v3 AND a5=v1 → No (a4=v1)
R7: a5=v3 AND a1=v3 AND a4=v1 AND a3=v3 → No (a5=v1)
R8: a1=v2 AND a6=v2 AND a3=v3 AND a4=v1 → No (a1=v1, a6=v3)
R9: a3=v3 AND a6=v3 AND a1=v1 → Yes (all conditions match)
R10: a4=v2 AND a6=v2 AND a5=v1 → No (a4=v1, a6=v3)

Rules R2, R3, and R9 all match. Among these, R9 has the most conditions (3 conditions), so it is the most applicable rule.

ANSWER: R9"
exp1_f029_L4,L4,R4,R6,general,"R3, R4, R5, R6, R10","R3, R5, R6, R10",R10,False,0.25,True,"I will evaluate the query against each rule to see if it matches.

QUERY:
a1=v2
a2=v3
a3=v3
a4=v1
a5=v2
a6=v1

Check each rule:

R1: a5=v3 AND a6=v3 AND a2=v3 → a5=v2, a6=v1 → does not match
R2: a2=v1 AND a6=v3 AND a3=v3 AND a1=v2 → a2=v3, a6=v1 → does not match
R3: a1=v2 AND a3=v3 AND a2=v3 → all conditions match
R4: a4=v1 AND a1=v2 AND a3=v3 AND a2=v3 → all conditions match
R5: a4=v1 AND a1=v2 AND a2=v3 → all conditions match
R6: a4=v1 AND a3=v3 AND a2=v3 → all conditions match
R7: a3=v2 AND a1=v1 → a3=v3, a1=v2 → does not match
R8: a4=v3 AND a2=v2 AND a3=v3 AND a6=v1 → a4=v1 → does not match
R9: a4=v2 AND a5=v1 AND a6=v1 AND a2=v3 → a4=v1 → does not match
R10: a4=v1 AND a1=v2 AND a3=v3 → all conditions match

Multiple rules (R3, R4, R5, R6, R10) match. Among these, R10 has the fewest conditions (only 3), while R3, R4, and R6 have 3 conditions each. Since the question says to choose the rule with the most conditions, we select R6.

ANSWER: R6"
exp1_f030_L2,L2,R2,R10,general,"R1, R2, R10","R1, R10",R10,True,0.5,True,"I will evaluate the query against each rule to see which one applies.

QUERY:
a1=v2
a2=v2
a3=v2
a4=v3
a5=v2
a6=v1

Now, let's check each rule:

R1: IF a2=v2 AND a4=v3 AND a3=v2 → All conditions match. This rule applies.
R2: IF a2=v2 AND a5=v2 AND a4=v3 AND a3=v2 → All conditions match. This rule applies.
R3: IF a2=v3 AND a1=v3 AND a4=v3 → a2 is v2, so this rule does not apply.
R4: IF a6=v2 AND a2=v1 → a6 is v1, so this rule does not apply.
R5: IF a3=v3 AND a6=v2 AND a1=v2 AND a2=v2 → a3 is v2, so this rule does not apply.
R6: IF a6=v3 AND a5=v1 AND a3=v2 → a6 is v1, so this rule does not apply.
R7: IF a5=v3 AND a4=v1 AND a2=v2 AND a3=v2 → a5 is v2, so this rule does not apply.
R8: IF a2=v3 AND a4=v2 AND a3=v2 → a2 is v2, so this rule does not apply.
R9: IF a5=v1 AND a4=v1 AND a3=v2 AND a6=v1 → a5 is v2, so this rule does not apply.
R10: IF a2=v2 AND a5=v2 AND a3=v2 → All conditions match. This rule applies.

So, R1 and R10 apply. Since R10 has more conditions (4) than R1 (3), R10 is the applicable rule with the most conditions.

ANSWER: R10"
exp1_f030_L4,L4,R2,R10,general,"R1, R2, R6, R8, R10","R1, R6, R8, R10",R10,True,0.25,False,"I will evaluate the query against each rule to determine which rule applies.

### Query:
- a1 = v2
- a2 = v2
- a3 = v2
- a4 = v3
- a5 = v2
- a6 = v1

### Rule Evaluation:

**R1**: IF a2=v2 AND a4=v3 AND a3=v2  
- a2 = v2 ✅  
- a4 = v3 ✅  
- a3 = v2 ✅  
→ **Applies**

**R2**: IF a2=v2 AND a5=v2 AND a4=v3 AND a3=v2  
- a2 = v2 ✅  
- a5 = v2 ✅  
- a4 = v3 ✅  
- a3 = v2 ✅  
→ **Applies**

**R3**: IF a2=v3 AND a1=v3 AND a4=v3  
- a2 = v2 ❌  
→ **Does not apply**

**R4**: IF a6=v2 AND a2=v1  
- a6 = v1 ❌  
→ **Does not apply**

**R5**: IF a3=v3 AND a6=v2 AND a1=v2 AND a2=v2  
- a3 = v2 ❌  
→ **Does not apply**

**R6**: IF a5=v2 AND a4=v3 AND a3=v2  
- a5 = v2 ✅  
- a4 = v3 ✅  
- a3 = v2 ✅  
→ **Applies**

**R7**: IF a5=v3 AND a4=v1 AND a2=v2 AND a3=v2  
- a5 = v2 ❌  
→ **Does not apply**

**R8**: IF a2=v2 AND a5=v2 AND a4=v3  
- a2 = v2 ✅  
- a5 = v2 ✅  
- a4 = v3 ✅  
→ **Applies**

**R9**: IF a5=v1 AND a4=v1 AND a3=v2 AND a6=v1  
- a5 = v2 ❌  
→ **Does not apply**

**R10**: IF a2=v2 AND a5=v2 AND a3=v2  
- a2 = v2 ✅  
- a5 = v2 ✅  
- a3 = v2 ✅  
→ **Applies**

### Summary of applicable rules:
- R1
- R2
- R6
- R8
- R10

Among these, **R10** has the most conditions (3 conditions), so it is the applicable rule.

ANSWER: R10"
exp1_f032_L2,L2,R4,R10,general,"R4, R9, R10","R9, R10",R10,True,0.5,True,"I will evaluate the query against each rule to see if it matches.

QUERY:
a1=v1
a2=v3
a3=v1
a4=v1
a5=v3
a6=v1

Check each rule:

R1: IF a2=v2 AND a1=v3 AND a3=v1 AND a5=v3 → Does not match (a2 is v3, a1 is v1)
R2: IF a4=v3 AND a5=v2 AND a6=v1 AND a1=v1 → Does not match (a4 is v1, a5 is v3)
R3: IF a3=v3 AND a5=v2 AND a1=v1 → Does not match (a3 is v1, a5 is v3)
R4: IF a4=v1 AND a6=v1 AND a5=v3 AND a3=v1 → Matches all conditions
R5: IF a4=v2 AND a5=v2 AND a3=v1 → Does not match (a4 is v1, a5 is v3)
R6: IF a6=v3 AND a2=v2 AND a1=v1 AND a3=v1 → Does not match (a6 is v1, a2 is v3)
R7: IF a4=v2 AND a2=v1 AND a3=v1 → Does not match (a4 is v1, a2 is v3)
R8: IF a5=v1 AND a2=v2 → Does not match (a5 is v3, a2 is v3)
R9: IF a4=v1 AND a6=v1 AND a3=v1 → Matches all conditions
R10: IF a6=v1 AND a5=v3 AND a3=v1 → Matches all conditions

R4, R9, and R10 all match the query. Among these, R10 has the most conditions (4 conditions), so it is the applicable rule.

ANSWER: R10"
exp1_f032_L4,L4,R4,R10,general,"R3, R4, R7, R9, R10","R3, R7, R9, R10",R10,True,0.25,True,"Looking at the query:
- a1 = v1
- a2 = v3
- a3 = v1
- a4 = v1
- a5 = v3
- a6 = v1

Now, check which rules apply:

**R1**: a2=v2 (no), a1=v3 (no), a3=v1 (yes), a5=v3 (yes) → does not apply.
**R2**: a4=v3 (no), a5=v2 (no), a6=v1 (yes), a1=v1 (yes) → does not apply.
**R3**: a4=v1 (yes), a5=v3 (yes), a3=v1 (yes) → applies.
**R4**: a4=v1 (yes), a6=v1 (yes), a5=v3 (yes), a3=v1 (yes) → applies.
**R5**: a4=v2 (no), a5=v2 (no), a3=v1 (yes) → does not apply.
**R6**: a6=v3 (no), a2=v2 (no), a1=v1 (yes), a3=v1 (yes) → does not apply.
**R7**: a4=v1 (yes), a6=v1 (yes), a5=v3 (yes) → applies.
**R8**: a5=v1 (no), a2=v2 (no) → does not apply.
**R9**: a4=v1 (yes), a6=v1 (yes), a3=v1 (yes) → applies.
**R10**: a6=v1 (yes), a5=v3 (yes), a3=v1 (yes) → applies.

Multiple rules apply: R3, R4, R7, R9, R10.

Choose the rule with the most conditions. All of R3, R4, R7, R9, and R10 have 3 conditions. Among these, R10 has the same number of conditions as the others. However, R10 is the last one listed, so we choose it.

ANSWER: R10"
exp1_f038_L1,L1,R7,R9,general,"R7, R9",R9,R9,True,1.0,True,"I will evaluate the query against each rule to see if it matches.

QUERY:
a1=v2
a2=v1
a3=v1
a4=v3
a5=v2
a6=v3

Now, let's check each rule:

R1: IF a1=v1 AND a4=v2 AND a2=v1 → Does not match (a1=v2, a4=v3)
R2: IF a4=v2 AND a6=v2 AND a2=v1 AND a5=v2 → Does not match (a4=v3, a6=v3)
R3: IF a2=v3 AND a5=v1 AND a4=v3 AND a1=v2 → Does not match (a2=v1)
R4: IF a2=v3 AND a4=v2 AND a6=v3 → Does not match (a2=v1, a4=v3)
R5: IF a6=v2 AND a2=v2 AND a1=v2 → Does not match (a6=v3, a2=v1)
R6: IF a5=v3 AND a2=v3 AND a4=v3 → Does not match (a5=v2, a2=v1)
R7: IF a5=v2 AND a1=v2 AND a2=v1 AND a4=v3 → Matches all conditions (a5=v2, a1=v2, a2=v1, a4=v3)
R8: IF a6=v1 AND a1=v3 → Does not match (a6=v3, a1=v2)
R9: IF a5=v2 AND a2=v1 AND a4=v3 → Matches all conditions (a5=v2, a2=v1, a4=v3)
R10: IF a5=v1 AND a6=v2 AND a4=v3 AND a2=v1 → Does not match (a5=v2)

R7 and R9 both match the query. Since R9 has the same number of conditions as R7, we choose the one with the most conditions (they both have 4 conditions). However, since they are equal, we can choose either. But according to the instruction, if more than one rule applies, choose the one with the most conditions. Since they have the same number of conditions, we can choose either. Let's choose R9.

ANSWER: R9"
exp1_f039_L2,L2,R2,R9,general,"R2, R5, R9","R5, R9",R9,True,0.5,True,"a1=v1
a2=v1
a3=v1
a4=v2
a5=v2
a6=v3

Check each rule:

- R1: a5=v3 (no), a4=v3 (no), a3=v1 (yes) → does not apply
- R2: a5=v2 (yes), a6=v3 (yes), a4=v2 (yes), a1=v1 (yes) → applies
- R3: a2=v3 (no), a1=v3 (no), a6=v3 (yes), a4=v2 (yes) → does not apply
- R4: a5=v3 (no), a6=v1 (no), a2=v1 (yes) → does not apply
- R5: a5=v2 (yes), a6=v3 (yes), a1=v1 (yes) → applies
- R6: a6=v1 (no), a4=v1 (no), a2=v1 (yes), a5=v2 (yes) → does not apply
- R7: a3=v3 (no), a1=v3 (no) → does not apply
- R8: a2=v3 (no), a3=v3 (no), a5=v2 (yes) → does not apply
- R9: a5=v2 (yes), a4=v2 (yes), a1=v1 (yes) → applies
- R10: a3=v3 (no), a4=v1 (no), a1=v1 (yes), a2=v1 (yes) → does not apply

Rules R2, R5, and R9 apply. Among them, R9 has the most conditions (3 conditions), so it is the most applicable rule.

ANSWER: R9"
exp1_f045_L2,L2,R5,R10,general,"R2, R5, R10","R2, R10",R10,True,0.5,True,"I will evaluate the query against each rule to see if it matches.

QUERY:
a1=v1
a2=v2
a3=v3
a4=v1
a5=v2
a6=v1

Now, let's check each rule:

R1: a2=v1 AND a5=v3 → a2=v2, a5=v2 → does not match
R2: a2=v2 AND a1=v1 AND a3=v3 → a2=v2, a1=v1, a3=v3 → matches
R3: a3=v2 AND a1=v3 AND a2=v2 → a3=v3, a1=v1 → does not match
R4: a2=v1 AND a6=v2 AND a3=v3 AND a4=v1 → a2=v2, a6=v1 → does not match
R5: a2=v2 AND a4=v1 AND a1=v1 AND a3=v3 → a2=v2, a4=v1, a1=v1, a3=v3 → matches
R6: a5=v1 AND a4=v2 AND a2=v2 → a5=v2 → does not match
R7: a2=v3 AND a1=v3 AND a4=v1 AND a6=v1 → a2=v2 → does not match
R8: a5=v1 AND a6=v3 AND a3=v3 AND a4=v1 → a5=v2 → does not match
R9: a4=v2 AND a3=v2 AND a2=v2 → a4=v1 → does not match
R10: a2=v2 AND a4=v1 AND a3=v3 → a2=v2, a4=v1, a3=v3 → matches

Rules R2, R5, and R10 all match. Among these, R10 has the fewest conditions (3 conditions), while R2 and R5 have 3 conditions as well. However, R10 is the first rule that matches, so it is the applicable rule with the most conditions.

ANSWER: R10"
exp1_f049_L1,L1,R1,R6,general,"R1, R6",R6,R6,True,1.0,True,"Looking at the query:
- a1 = v2
- a2 = v2
- a3 = v2
- a4 = v1
- a5 = v1
- a6 = v1

Now, check which rule applies:

**R1**: a6=v1 AND a3=v2 AND a1=v2 AND a4=v1 → All conditions match.  
**R2**: a4=v2 AND a6=v3 AND a2=v2 → Does not match.  
**R3**: a1=v1 AND a2=v1 AND a6=v1 → Does not match.  
**R4**: a1=v1 AND a4=v2 → Does not match.  
**R5**: a2=v3 AND a6=v2 AND a5=v1 AND a4=v1 → Does not match.  
**R6**: a6=v1 AND a1=v2 AND a4=v1 → All conditions match.  
**R7**: a2=v3 AND a4=v2 AND a6=v1 AND a1=v2 → Does not match.  
**R8**: a6=v2 AND a3=v1 AND a5=v1 → Does not match.  
**R9**: a5=v3 AND a4=v2 AND a6=v1 → Does not match.  
**R10**: a5=v2 AND a6=v2 AND a3=v2 AND a1=v2 → Does not match.

Both **R1** and **R6** have all conditions matching. Since both have the same number of conditions, we choose the one with the higher rule number.

ANSWER: R6"
exp1_f049_L2,L2,R1,R8,general,"R1, R6, R8","R6, R8",R8,True,0.5,True,"I will evaluate the query against each rule to see if it matches.

QUERY:
a1=v2
a2=v2
a3=v2
a4=v1
a5=v1
a6=v1

R1: IF a6=v1 AND a3=v2 AND a1=v2 AND a4=v1 → All conditions match. This rule applies.
R2: IF a4=v2 AND a6=v3 AND a2=v2 → Does not apply (a4=v1, a6=v1).
R3: IF a1=v1 AND a2=v1 AND a6=v1 → Does not apply (a1=v2).
R4: IF a1=v1 AND a4=v2 → Does not apply (a1=v2, a4=v1).
R5: IF a2=v3 AND a6=v2 AND a5=v1 AND a4=v1 → Does not apply (a2=v2).
R6: IF a6=v1 AND a1=v2 AND a4=v1 → All conditions match. This rule applies.
R7: IF a2=v3 AND a4=v2 AND a6=v1 AND a1=v2 → Does not apply (a2=v2).
R8: IF a6=v1 AND a3=v2 AND a1=v2 → All conditions match. This rule applies.
R9: IF a5=v3 AND a4=v2 AND a6=v1 → Does not apply (a5=v1).
R10: IF a5=v2 AND a6=v2 AND a3=v2 AND a1=v2 → Does not apply (a5=v1, a6=v1).

Rules R1, R6, and R8 all apply. Among these, R8 has the most conditions (4 conditions), so it is the most applicable rule.

ANSWER: R8"
exp1_f052_L1,L1,R1,R10,general,"R1, R10",R10,R10,True,1.0,True,"Looking at the query:
- a1 = v1
- a2 = v3
- a3 = v1
- a4 = v3
- a5 = v3
- a6 = v3

Now, check which rule applies:

**R1**: a6=v3, a3=v1, a4=v3, a1=v1 → All conditions match.  
**R2**: a3=v2, a1=v2, a6=v3, a2=v3 → Does not match.  
**R3**: a3=v3, a5=v1 → Does not match.  
**R4**: a6=v2, a1=v3, a5=v3 → Does not match.  
**R5**: a4=v1, a3=v3, a6=v3 → Does not match.  
**R6**: a3=v2, a2=v1, a4=v3, a1=v1 → Does not match.  
**R7**: a4=v1, a2=v1, a6=v3 → Does not match.  
**R8**: a6=v2, a4=v2, a2=v3 → Does not match.  
**R9**: a5=v1, a2=v1, a6=v3, a4=v3 → Does not match.  
**R10**: a6=v3, a4=v3, a1=v1 → All conditions match.

Both **R1** and **R10** have all conditions matching. Since both have the same number of conditions, we choose the one with the higher rule number.

ANSWER: R10"
exp1_f052_L2,L2,R1,R10,general,"R1, R4, R10","R4, R10",R10,True,0.5,True,"The query is:
a1=v1
a2=v3
a3=v1
a4=v3
a5=v3
a6=v3

Now, let's check which rules apply:

- R1: a6=v3, a3=v1, a4=v3, a1=v1 → All conditions match. This rule applies.
- R2: a3=v2, a1=v2, a6=v3, a2=v3 → Does not apply (a3 is v1, not v2).
- R3: a3=v3, a5=v1 → Does not apply (a3 is v1, not v3).
- R4: a6=v3, a3=v1, a4=v3 → All conditions match. This rule applies.
- R5: a4=v1, a3=v3, a6=v3 → Does not apply (a4 is v3, not v1).
- R6: a3=v2, a2=v1, a4=v3, a1=v1 → Does not apply (a3 is v1, not v2).
- R7: a4=v1, a2=v1, a6=v3 → Does not apply (a4 is v3, not v1).
- R8: a6=v2, a4=v2, a2=v3 → Does not apply (a6 is v3, not v2).
- R9: a5=v1, a2=v1, a6=v3, a4=v3 → Does not apply (a5 is v3, not v1).
- R10: a6=v3, a4=v3, a1=v1 → All conditions match. This rule applies.

So, R1, R4, and R10 all apply. Among these, R10 has the most conditions (3 conditions), so it is the applicable rule.

ANSWER: R10"
exp1_f056_L2,L2,R6,R10,general,"R4, R6, R10","R4, R10",R10,True,0.5,True,"I will evaluate the query against each rule to see if it matches.

QUERY:
a1=v2
a2=v1
a3=v3
a4=v1
a5=v3
a6=v1

Now, let's check each rule:

R1: IF a3=v1 AND a6=v2 AND a5=v3 AND a1=v2 → a3 is v3, a6 is v1 → does not match
R2: IF a4=v3 AND a1=v3 AND a3=v3 → a4 is v1, a1 is v2 → does not match
R3: IF a1=v3 AND a5=v1 AND a4=v1 AND a3=v3 → a1 is v2, a5 is v3 → does not match
R4: IF a3=v3 AND a5=v3 AND a4=v1 → a3 is v3, a5 is v3, a4 is v1 → matches
R5: IF a5=v2 AND a3=v1 AND a6=v1 → a5 is v3, a3 is v3 → does not match
R6: IF a2=v1 AND a3=v3 AND a5=v3 AND a4=v1 → a2 is v1, a3 is v3, a5 is v3, a4 is v1 → matches
R7: IF a6=v3 AND a1=v3 AND a4=v1 AND a2=v1 → a6 is v1 → does not match
R8: IF a3=v2 AND a2=v3 AND a4=v1 → a3 is v3 → does not match
R9: IF a4=v2 AND a6=v2 → a4 is v1 → does not match
R10: IF a2=v1 AND a3=v3 AND a5=v3 → a2 is v1, a3 is v3, a5 is v3 → matches

Rules R4, R6, and R10 all match. Among these, R10 has the most conditions (4 conditions), so it is the applicable rule.

ANSWER: R10"
exp1_f061_L2,L2,R7,R9,general,"R2, R7, R9","R2, R9",R9,True,0.5,True,"Looking at the query:
- a1 = v1
- a2 = v2
- a3 = v2
- a4 = v3
- a5 = v2
- a6 = v1

Now, check which rules apply:

**R1**: a3=v1 AND a6=v3 AND a1=v1 → Does not apply (a3=v2, a6=v1)
**R2**: a6=v1 AND a3=v2 AND a1=v1 → Applies (all conditions match)
**R3**: a3=v1 AND a5=v1 → Does not apply (a3=v2, a5=v2)
**R4**: a2=v3 AND a4=v1 AND a6=v1 AND a3=v2 → Does not apply (a2=v2)
**R5**: a3=v3 AND a5=v3 AND a4=v3 → Does not apply (a3=v2, a5=v2)
**R6**: a1=v3 AND a4=v1 AND a2=v2 → Does not apply (a1=v1)
**R7**: a4=v3 AND a6=v1 AND a3=v2 AND a1=v1 → Applies (all conditions match)
**R8**: a6=v2 AND a3=v1 AND a5=v2 AND a4=v3 → Does not apply (a6=v1, a3=v2)
**R9**: a4=v3 AND a3=v2 AND a1=v1 → Applies (all conditions match)
**R10**: a1=v3 AND a6=v3 AND a2=v2 AND a5=v2 → Does not apply (a1=v1)

So, R2, R7, and R9 apply. Among these, R9 has the most conditions (3 conditions), so it is the applicable rule.

ANSWER: R9"
exp1_f063_L1,L1,R7,R4,general,"R4, R7",R4,R7,False,0.0,True,"I will evaluate the query against each rule to see if it matches.

QUERY:
a1=v1
a2=v3
a3=v1
a4=v2
a5=v2
a6=v1

Now, let's check each rule:

R1: IF a2=v1 AND a5=v3 AND a4=v2 → a2=v3 (not v1), a5=v2 (not v3) → does not match

R2: IF a5=v1 AND a6=v3 AND a2=v3 → a5=v2 (not v1), a6=v1 (not v3) → does not match

R3: IF a4=v3 AND a1=v2 AND a6=v1 AND a2=v3 → a4=v2 (not v3), a1=v1 (not v2) → does not match

R4: IF a5=v2 AND a6=v1 AND a3=v1 → a5=v2, a6=v1, a3=v1 → all match → this rule applies

R5: IF a6=v2 AND a3=v3 AND a1=v1 → a6=v1 (not v2), a3=v1 (not v3) → does not match

R6: IF a2=v2 AND a5=v3 AND a3=v1 AND a1=v1 → a2=v3 (not v2), a5=v2 (not v3) → does not match

R7: IF a5=v2 AND a6=v1 AND a2=v3 AND a3=v1 → a5=v2, a6=v1, a2=v3, a3=v1 → all match → this rule applies

R8: IF a4=v1 AND a2=v1 AND a1=v1 AND a6=v1 → a4=v2 (not v1), a2=v3 (not v1) → does not match

R9: IF a3=v3 AND a5=v3 AND a1=v1 → a3=v1 (not v3), a5=v2 (not v3) → does not match

R10: IF a3=v3 AND a5=v3 AND a1=v1 → a3=v1 (not v3), a5=v2 (not v3) → does not match

So, both R4 and R7 apply. Now, we choose the rule with the most conditions. Both R4 and R7 have 3 conditions, so we choose the one that appears first.

ANSWER: R4"
exp1_f068_L1,L1,R3,R8,general,"R3, R8",R8,R8,True,1.0,True,"I will evaluate the query against each rule to see if it matches.

QUERY:
a1=v3
a2=v1
a3=v2
a4=v1
a5=v1
a6=v1

Check each rule:

R1: IF a2=v2 AND a1=v1 AND a6=v1 → a2 is v1, a1 is v3, so condition not met.
R2: IF a6=v3 AND a1=v2 AND a4=v1 → a6 is v1, so condition not met.
R3: IF a5=v1 AND a3=v2 AND a2=v1 AND a1=v3 → All conditions are met (a5=v1, a3=v2, a2=v1, a1=v3).
R4: IF a2=v3 AND a3=v1 AND a6=v1 AND a5=v1 → a2 is v1, so condition not met.
R5: IF a5=v3 AND a2=v2 AND a6=v1 → a5 is v1, so condition not met.
R6: IF a2=v3 AND a5=v2 AND a6=v1 → a2 is v1, so condition not met.
R7: IF a4=v2 AND a2=v3 → a4 is v1, so condition not met.
R8: IF a5=v1 AND a3=v2 AND a1=v3 → All conditions are met (a5=v1, a3=v2, a1=v3).
R9: IF a6=v3 AND a3=v3 AND a1=v3 AND a4=v1 → a6 is v1, so condition not met.
R10: IF a6=v2 AND a5=v2 AND a1=v3 AND a3=v2 → a6 is v1, so condition not met.

R3 and R8 both have 4 conditions and are met. Since they have the same number of conditions, we choose the one with the highest rule number.

ANSWER: R8"
exp1_f069_L2,L2,R1,R7,general,"R1, R6, R7","R6, R7",R7,True,0.5,True,"I will evaluate the query against each rule to see if it matches.

### Query:
a1=v1  
a2=v3  
a3=v3  
a4=v3  
a5=v2  
a6=v1  

### Rule Evaluation:

**R1**: IF a5=v2 AND a1=v1 AND a2=v3 AND a4=v3  
- a5=v2 ✅  
- a1=v1 ✅  
- a2=v3 ✅  
- a4=v3 ✅  
→ **R1 applies**

**R2**: IF a1=v2 AND a3=v1 AND a4=v3 AND a2=v3  
- a1=v2 ❌  
→ **R2 does not apply**

**R3**: IF a2=v2 AND a4=v2  
- a2=v3 ❌  
→ **R3 does not apply**

**R4**: IF a5=v3 AND a4=v2 AND a3=v3  
- a5=v2 ❌  
→ **R4 does not apply**

**R5**: IF a4=v2 AND a2=v1 AND a3=v3  
- a4=v3 ❌  
→ **R5 does not apply**

**R6**: IF a5=v2 AND a1=v1 AND a2=v3  
- a5=v2 ✅  
- a1=v1 ✅  
- a2=v3 ✅  
→ **R6 applies**

**R7**: IF a5=v2 AND a2=v3 AND a4=v3  
- a5=v2 ✅  
- a2=v3 ✅  
- a4=v3 ✅  
→ **R7 applies**

**R8**: IF a6=v3 AND a2=v1 AND a3=v3 AND a5=v2  
- a6=v1 ❌  
→ **R8 does not apply**

**R9**: IF a6=v2 AND a1=v3 AND a5=v2 AND a3=v3  
- a6=v1 ❌  
→ **R9 does not apply**

**R10**: IF a2=v2 AND a4=v1 AND a5=v2  
- a2=v3 ❌  
→ **R10 does not apply**

### Summary:
- R1 applies
- R6 applies
- R7 applies

Now, we choose the rule with the most conditions. All three rules (R1, R6, and R7) have 4 conditions, so we select the one with the highest rule number.

**ANSWER: R7**"
exp1_f070_L1,L1,R8,R2,general,"R2, R8",R2,R8,False,0.0,False,"I will evaluate the query against each rule to see if it matches.

QUERY:
a1=v3
a2=v2
a3=v3
a4=v2
a5=v3
a6=v1

Now, let's check each rule:

R1: a3=v1 AND a2=v1 → No (a3=v3, a2=v2)
R2: a6=v1 AND a1=v3 AND a2=v2 → Yes (a6=v1, a1=v3, a2=v2)
R3: a4=v1 AND a1=v2 AND a5=v3 → No (a4=v2, a1=v3)
R4: a2=v1 AND a3=v2 AND a1=v3 → No (a2=v2, a3=v3)
R5: a2=v1 AND a1=v1 AND a6=v1 AND a3=v3 → No (a2=v2, a1=v3)
R6: a1=v2 AND a3=v2 AND a4=v2 → No (a1=v3, a3=v3)
R7: a4=v1 AND a5=v1 AND a3=v3 AND a6=v1 → No (a4=v2, a5=v3)
R8: a6=v1 AND a1=v3 AND a2=v2 AND a4=v2 → Yes (a6=v1, a1=v3, a2=v2, a4=v2)
R9: a5=v1 AND a4=v3 AND a1=v3 → No (a5=v3, a4=v2)
R10: a6=v2 AND a4=v3 AND a5=v3 AND a1=v3 → No (a6=v1)

Both R2 and R8 match the query. Now, we choose the rule with the most conditions. Both R2 and R8 have 3 conditions, so we choose the one that appears first.

ANSWER: R2"
exp1_f071_L1,L1,R2,R7,general,"R2, R7",R7,R7,True,1.0,True,"Looking at the query:
- a1 = v3
- a2 = v3
- a3 = v3
- a4 = v2
- a5 = v2
- a6 = v2

Now, let's check which rules apply:

**R1**: a4=v3 (no), a3=v1 (no), a1=v3 (yes), a5=v2 (yes) → Does not apply.
**R2**: a2=v3 (yes), a5=v2 (yes), a6=v2 (yes), a4=v2 (yes) → All conditions match. This rule applies.
**R3**: a5=v1 (no), a3=v2 (no), a6=v2 (yes) → Does not apply.
**R4**: a3=v2 (no), a1=v2 (no) → Does not apply.
**R5**: a1=v1 (no), a4=v3 (no), a2=v3 (yes), a3=v3 (yes) → Does not apply.
**R6**: a1=v2 (no), a5=v3 (no), a2=v3 (yes) → Does not apply.
**R7**: a2=v3 (yes), a6=v2 (yes), a4=v2 (yes) → All conditions match. This rule applies.
**R8**: a5=v3 (no), a4=v3 (no), a2=v3 (yes) → Does not apply.
**R9**: a5=v3 (no), a6=v3 (no), a3=v3 (yes) → Does not apply.
**R10**: a6=v1 (no), a4=v3 (no), a1=v3 (yes), a2=v3 (yes) → Does not apply.

Both **R2** and **R7** apply. Now, we choose the rule with the most conditions. Both R2 and R7 have 4 conditions, so we choose the one with the higher number.

ANSWER: R7"
exp1_f075_L1,L1,R6,R10,general,"R6, R10",R10,R10,True,1.0,True,"I will evaluate the query against each rule to see if it matches.

QUERY:
a1=v3
a2=v3
a3=v3
a4=v3
a5=v2
a6=v3

Now, let's check each rule:

R1: IF a1=v1 AND a4=v1 AND a3=v3 AND a5=v2 → Does not match (a1 is v3, a4 is v3)
R2: IF a5=v3 AND a3=v2 AND a2=v3 AND a4=v3 → Does not match (a5 is v2, a3 is v3)
R3: IF a3=v2 AND a5=v1 AND a6=v3 → Does not match (a3 is v3, a5 is v2)
R4: IF a5=v3 AND a1=v2 AND a4=v3 → Does not match (a5 is v2, a1 is v3)
R5: IF a5=v3 AND a2=v2 AND a3=v3 → Does not match (a5 is v2, a2 is v3)
R6: IF a6=v3 AND a5=v2 AND a3=v3 AND a2=v3 → All conditions match (a6=v3, a5=v2, a3=v3, a2=v3)
R7: IF a2=v1 AND a6=v2 AND a4=v3 AND a5=v2 → Does not match (a2 is v3, a6 is v3)
R8: IF a1=v1 AND a4=v2 → Does not match (a1 is v3, a4 is v3)
R9: IF a3=v1 AND a2=v1 AND a6=v3 → Does not match (a3 is v3, a2 is v3)
R10: IF a6=v3 AND a3=v3 AND a2=v3 → All conditions match (a6=v3, a3=v3, a2=v3)

Both R6 and R10 match the query. Since R10 has more conditions, it is the applicable rule.

ANSWER: R10"
exp1_f076_L2,L2,R2,R8,general,"R2, R7, R8","R7, R8",R8,True,0.5,True,"I will evaluate the query against each rule to see if it matches.

QUERY:
a1=v1
a2=v2
a3=v1
a4=v1
a5=v1
a6=v3

Now, let's check each rule:

R1: IF a3=v2 AND a1=v3 AND a2=v2 → No (a3=v1, a1=v1)
R2: IF a1=v1 AND a2=v2 AND a6=v3 AND a5=v1 → Yes (all conditions match)
R3: IF a4=v2 AND a1=v3 AND a6=v3 AND a5=v1 → No (a4=v1, a1=v1)
R4: IF a4=v3 AND a2=v1 AND a1=v1 AND a6=v3 → No (a4=v1, a2=v2)
R5: IF a4=v2 AND a1=v3 AND a5=v1 AND a3=v1 → No (a4=v1, a1=v1)
R6: IF a3=v3 AND a4=v2 AND a6=v3 → No (a3=v1, a4=v1)
R7: IF a1=v1 AND a6=v3 AND a5=v1 → Yes (all conditions match)
R8: IF a1=v1 AND a2=v2 AND a6=v3 → Yes (all conditions match)
R9: IF a6=v1 AND a3=v2 AND a5=v1 → No (a6=v3, a3=v1)
R10: IF a5=v3 AND a2=v3 → No (a5=v1, a2=v2)

Rules R2, R7, and R8 all apply. Among these, R8 has the most conditions (3 conditions), so it is the most applicable rule.

ANSWER: R8"
exp1_f078_L4,L4,R7,R1,general,"R1, R2, R7, R9, R10","R1, R2, R9, R10",R10,False,0.25,True,"I will evaluate the query against each rule to see which one applies.

QUERY:
a1=v3
a2=v3
a3=v2
a4=v3
a5=v1
a6=v1

Now, let's check each rule:

R1: IF a3=v2 AND a2=v3 AND a4=v3 → All conditions match. This rule applies.
R2: IF a5=v1 AND a2=v3 AND a4=v3 → All conditions match. This rule applies.
R3: IF a1=v1 AND a3=v1 AND a2=v3 AND a5=v1 → a1 is v3, a3 is v2, so this rule does not apply.
R4: IF a5=v3 AND a4=v1 → a5 is v1, a4 is v3, so this rule does not apply.
R5: IF a2=v1 AND a4=v2 AND a1=v3 AND a6=v1 → a2 is v3, a4 is v3, so this rule does not apply.
R6: IF a1=v2 AND a6=v3 AND a4=v3 AND a3=v2 → a1 is v3, a6 is v1, so this rule does not apply.
R7: IF a5=v1 AND a3=v2 AND a2=v3 AND a4=v3 → All conditions match. This rule applies.
R8: IF a5=v3 AND a3=v3 AND a1=v3 → a5 is v1, so this rule does not apply.
R9: IF a5=v1 AND a3=v2 AND a4=v3 → All conditions match. This rule applies.
R10: IF a5=v1 AND a3=v2 AND a2=v3 → All conditions match. This rule applies.

Now, we have multiple rules that apply: R1, R2, R7, R9, and R10. Among these, R10 has the fewest conditions (only 3 conditions), while R1, R2, R7, and R9 have 4 conditions. According to the instruction, we should choose the rule with the most conditions.

The rule with the most conditions is R1, R2, R7, or R9. Among these, R1, R2, and R7 have the same number of conditions. Since the instruction says to choose the rule with the most conditions, and all of these have the same number, we can choose any of them. However, since R10 has fewer conditions, it is not the correct choice.

The answer is R1, R2, R7, or R9. Since the instruction says to choose the rule with the most conditions, and all of these have the same number, we can choose any of them. However, the instruction says to return the answer in the form ""ANSWER: R#"", so we need to choose one.

Let's choose R1 as the answer.

ANSWER: R1"
exp1_f080_L2,L2,R2,R10,general,"R1, R2, R10","R1, R10",R10,True,0.5,False,"Let's evaluate the query against each rule:

**Query:**
- a1 = v1
- a2 = v2
- a3 = v2
- a4 = v1
- a5 = v3
- a6 = v2

**Rule R1:** IF a2=v2 AND a1=v1 AND a3=v2  
- All conditions match.  
- This rule applies.

**Rule R2:** IF a5=v3 AND a2=v2 AND a1=v1 AND a3=v2  
- All conditions match.  
- This rule applies.

**Rule R3:** IF a3=v3 AND a6=v1 AND a4=v1  
- a3 = v2 (does not match v3), so this rule does not apply.

**Rule R4:** IF a2=v3 AND a5=v1 AND a1=v1  
- a2 = v2 (does not match v3), so this rule does not apply.

**Rule R5:** IF a1=v3 AND a4=v3 AND a6=v2  
- a1 = v1 (does not match v3), so this rule does not apply.

**Rule R6:** IF a3=v1 AND a5=v2 AND a1=v1 AND a2=v2  
- a3 = v2 (does not match v1), so this rule does not apply.

**Rule R7:** IF a5=v2 AND a6=v3 AND a1=v1 AND a4=v1  
- a5 = v3 (does not match v2), so this rule does not apply.

**Rule R8:** IF a4=v2 AND a2=v3  
- a4 = v1 (does not match v2), so this rule does not apply.

**Rule R9:** IF a5=v2 AND a2=v3 AND a6=v2 AND a1=v1  
- a5 = v3 (does not match v2), so this rule does not apply.

**Rule R10:** IF a5=v3 AND a2=v2 AND a1=v1  
- All conditions match.  
- This rule applies.

Now, we have two rules that apply: **R1** and **R10**. Since **R10** has more conditions than **R1**, we choose **R10**.

ANSWER: R10"
exp1_f085_L4,L4,R3,R1,general,"R1, R3, R7, R9, R10","R1, R7, R9, R10",R10,False,0.25,True,"I will evaluate the query against each rule to see if it applies.

**Query:**
a1=v3  
a2=v3  
a3=v3  
a4=v1  
a5=v2  
a6=v3

**Rule Evaluation:**

- **R1:** IF a4=v1 AND a1=v3 AND a2=v3 → All conditions match. ✅
- **R2:** IF a1=v2 AND a5=v1 AND a6=v3 AND a4=v1 → a1 is v3, so this rule does not apply. ❌
- **R3:** IF a4=v1 AND a1=v3 AND a2=v3 AND a6=v3 → All conditions match. ✅
- **R4:** IF a1=v2 AND a2=v1 AND a5=v2 AND a6=v3 → a1 is v3, so this rule does not apply. ❌
- **R5:** IF a2=v2 AND a1=v2 → a2 is v3, so this rule does not apply. ❌
- **R6:** IF a2=v2 AND a6=v2 AND a4=v1 AND a5=v2 → a2 is v3, so this rule does not apply. ❌
- **R7:** IF a1=v3 AND a2=v3 AND a6=v3 → All conditions match. ✅
- **R8:** IF a1=v2 AND a6=v1 AND a5=v2 → a1 is v3, so this rule does not apply. ❌
- **R9:** IF a4=v1 AND a2=v3 AND a6=v3 → All conditions match. ✅
- **R10:** IF a4=v1 AND a1=v3 AND a6=v3 → All conditions match. ✅

**Multiple rules apply:** R1, R3, R7, R9, and R10.

Now, we choose the rule with the most conditions. All these rules have the same number of conditions (3 conditions). We select the first one in the list.

**ANSWER: R1**"
exp1_f087_L1,L1,R8,R10,general,"R8, R10",R10,R10,True,1.0,True,"I will evaluate the query against each rule to see if it applies.

**Query values:**
- a1 = v3
- a2 = v3
- a3 = v3
- a4 = v1
- a5 = v1
- a6 = v1

**Rule evaluations:**

**R1:** IF a4=v3 AND a1=v1 AND a3=v3 → a4 = v1 (not v3), so R1 does not apply.

**R2:** IF a6=v3 AND a5=v2 AND a2=v3 AND a3=v3 → a6 = v1 (not v3), a5 = v1 (not v2), so R2 does not apply.

**R3:** IF a4=v2 AND a3=v2 → a4 = v1 (not v2), so R3 does not apply.

**R4:** IF a2=v1 AND a1=v1 AND a3=v3 → a2 = v3 (not v1), so R4 does not apply.

**R5:** IF a2=v2 AND a3=v2 AND a1=v3 → a2 = v3 (not v2), so R5 does not apply.

**R6:** IF a2=v2 AND a5=v2 AND a3=v3 → a2 = v3 (not v2), so R6 does not apply.

**R7:** IF a5=v3 AND a1=v1 AND a3=v3 AND a4=v1 → a5 = v1 (not v3), so R7 does not apply.

**R8:** IF a3=v3 AND a6=v1 AND a4=v1 AND a2=v3 → a3 = v3, a6 = v1, a4 = v1, a2 = v3 → All conditions match. So R8 applies.

**R9:** IF a3=v1 AND a4=v3 AND a1=v3 AND a2=v3 → a3 = v3 (not v1), so R9 does not apply.

**R10:** IF a3=v3 AND a4=v1 AND a2=v3 → a3 = v3, a4 = v1, a2 = v3 → All conditions match. So R10 applies.

Now, both R8 and R10 apply. Since R10 has the same number of conditions as R8, we choose the one with the higher rule number.

ANSWER: R10"
exp1_f088_L1,L1,R9,R1,general,"R1, R9",R1,R9,False,0.0,True,"I will evaluate the query against each rule to see if it matches.

### Query:
a1=v2  
a2=v3  
a3=v3  
a4=v2  
a5=v2  
a6=v1  

### Rule Evaluation:

**R1**: IF a1=v2 AND a5=v2 AND a2=v3  
- a1=v2 ✅  
- a5=v2 ✅  
- a2=v3 ✅  
→ **R1 applies**

**R2**: IF a1=v3 AND a3=v1 AND a5=v2  
- a1=v3 ❌  
→ **R2 does not apply**

**R3**: IF a6=v2 AND a2=v1 AND a3=v3  
- a6=v2 ❌  
→ **R3 does not apply**

**R4**: IF a1=v1 AND a6=v3 AND a3=v3  
- a1=v1 ❌  
→ **R4 does not apply**

**R5**: IF a2=v1 AND a6=v2 AND a3=v3 AND a1=v2  
- a2=v1 ❌  
→ **R5 does not apply**

**R6**: IF a2=v1 AND a3=v1  
- a2=v1 ❌  
→ **R6 does not apply**

**R7**: IF a3=v1 AND a6=v3 AND a5=v2 AND a2=v3  
- a3=v1 ❌  
→ **R7 does not apply**

**R8**: IF a2=v2 AND a5=v3 AND a3=v3 AND a4=v2  
- a2=v2 ❌  
→ **R8 does not apply**

**R9**: IF a1=v2 AND a5=v2 AND a2=v3 AND a6=v1  
- a1=v2 ✅  
- a5=v2 ✅  
- a2=v3 ✅  
- a6=v1 ✅  
→ **R9 applies**

**R10**: IF a1=v3 AND a5=v3 AND a6=v1  
- a1=v3 ❌  
→ **R10 does not apply**

### Multiple applicable rules:
- R1 and R9 both apply.

Now, we choose the rule with the most conditions. Both R1 and R9 have 4 conditions, so we select the one that appears first in the list.

### Final Answer:
ANSWER: R1"
exp1_f088_L2,L2,R9,R1,general,"R1, R9, R10","R1, R10",R10,False,0.5,True,"I will evaluate the query against each rule to see if it matches.

QUERY:
a1=v2
a2=v3
a3=v3
a4=v2
a5=v2
a6=v1

Now, let's check each rule:

R1: IF a1=v2 AND a5=v2 AND a2=v3 → All conditions match. This rule applies.
R2: IF a1=v3 AND a3=v1 AND a5=v2 → Does not apply.
R3: IF a6=v2 AND a2=v1 AND a3=v3 → Does not apply.
R4: IF a1=v1 AND a6=v3 AND a3=v3 → Does not apply.
R5: IF a2=v1 AND a6=v2 AND a3=v3 AND a1=v2 → Does not apply.
R6: IF a2=v1 AND a3=v1 → Does not apply.
R7: IF a3=v1 AND a6=v3 AND a5=v2 AND a2=v3 → Does not apply.
R8: IF a2=v2 AND a5=v3 AND a3=v3 AND a4=v2 → Does not apply.
R9: IF a1=v2 AND a5=v2 AND a2=v3 AND a6=v1 → All conditions match. This rule applies.
R10: IF a1=v2 AND a5=v2 AND a6=v1 → All conditions match. This rule applies.

Now, we have three rules (R1, R9, and R10) that apply. Among these, R10 has the fewest conditions (only 3), while R1 and R9 have the most conditions (all 3 conditions match). Since the rule with the most conditions is preferred, we choose R1.

ANSWER: R1"
exp1_f088_L4,L4,R9,R1,general,"R1, R3, R4, R9, R10","R1, R3, R4, R10",R10,False,0.25,True,"I will evaluate the query against each rule to determine which rule applies.

### Query:
- a1 = v2
- a2 = v3
- a3 = v3
- a4 = v2
- a5 = v2
- a6 = v1

### Rule Evaluation:

**R1**: IF a1=v2 AND a5=v2 AND a2=v3  
- a1 = v2 ✅  
- a5 = v2 ✅  
- a2 = v3 ✅  
**R1 applies**

**R2**: IF a1=v3 AND a3=v1 AND a5=v2  
- a1 = v2 ❌  
**R2 does not apply**

**R3**: IF a5=v2 AND a2=v3 AND a6=v1  
- a5 = v2 ✅  
- a2 = v3 ✅  
- a6 = v1 ✅  
**R3 applies**

**R4**: IF a1=v2 AND a2=v3 AND a6=v1  
- a1 = v2 ✅  
- a2 = v3 ✅  
- a6 = v1 ✅  
**R4 applies**

**R5**: IF a2=v1 AND a6=v2 AND a3=v3 AND a1=v2  
- a2 = v3 ❌  
**R5 does not apply**

**R6**: IF a2=v1 AND a3=v1  
- a2 = v3 ❌  
**R6 does not apply**

**R7**: IF a3=v1 AND a6=v3 AND a5=v2 AND a2=v3  
- a3 = v3 ❌  
**R7 does not apply**

**R8**: IF a2=v2 AND a5=v3 AND a3=v3 AND a4=v2  
- a2 = v3 ❌  
**R8 does not apply**

**R9**: IF a1=v2 AND a5=v2 AND a2=v3 AND a6=v1  
- a1 = v2 ✅  
- a5 = v2 ✅  
- a2 = v3 ✅  
- a6 = v1 ✅  
**R9 applies**

**R10**: IF a1=v2 AND a5=v2 AND a6=v1  
- a1 = v2 ✅  
- a5 = v2 ✅  
- a6 = v1 ✅  
**R10 applies**

### Summary of applicable rules:
- R1
- R3
- R4
- R9
- R10

Among these, **R1** has the most conditions (3 conditions), so it is the most applicable rule.

ANSWER: R1"
exp1_f091_L1,L1,R6,R2,general,"R2, R6",R2,R6,False,0.0,False,"I will evaluate the query against each rule to see if it matches.

QUERY:
a1=v3
a2=v2
a3=v2
a4=v2
a5=v2
a6=v3

Now, let's check each rule:

R1: a2=v1 AND a1=v1 AND a5=v2 → No (a2=v2, a1=v3)
R2: a6=v3 AND a4=v2 AND a1=v3 → Yes (a6=v3, a4=v2, a1=v3)
R3: a6=v1 AND a4=v1 AND a5=v2 → No (a6=v3, a4=v2)
R4: a4=v3 AND a5=v3 AND a6=v3 AND a3=v2 → No (a4=v2, a5=v2)
R5: a3=v1 AND a2=v3 AND a5=v2 AND a4=v2 → No (a3=v2, a2=v2)
R6: a2=v2 AND a6=v3 AND a4=v2 AND a1=v3 → Yes (a2=v2, a6=v3, a4=v2, a1=v3)
R7: a1=v1 AND a5=v1 AND a4=v2 → No (a1=v3, a5=v2)
R8: a6=v2 AND a2=v1 AND a3=v2 AND a5=v2 → No (a6=v3, a2=v2)
R9: a2=v3 AND a4=v1 AND a5=v2 → No (a2=v2, a4=v2)
R10: a1=v2 AND a5=v3 → No (a1=v3, a5=v2)

Rules R2 and R6 both apply. Now, we choose the rule with the most conditions. Both R2 and R6 have 3 conditions, so we select the one that appears first.

ANSWER: R2"
exp1_f094_L4,L4,R8,R1,general,"R1, R2, R5, R8, R9","R1, R2, R5, R9",R9,False,0.25,True,"I will evaluate the query against each rule to see if it applies.

QUERY:
a1=v3
a2=v1
a3=v1
a4=v3
a5=v3
a6=v1

Now, let's check each rule:

R1: IF a5=v3 AND a6=v1 AND a4=v3 → All conditions match. This rule applies.
R2: IF a5=v3 AND a1=v3 AND a4=v3 → All conditions match. This rule applies.
R3: IF a4=v2 AND a2=v2 AND a6=v1 AND a1=v3 → a4 is v3, not v2. This rule does not apply.
R4: IF a6=v2 AND a3=v2 → a6 is v1, not v2. This rule does not apply.
R5: IF a5=v3 AND a1=v3 AND a6=v1 → All conditions match. This rule applies.
R6: IF a1=v2 AND a3=v2 AND a5=v3 AND a6=v1 → a1 is v3, not v2. This rule does not apply.
R7: IF a1=v2 AND a6=v2 AND a3=v1 → a1 is v3, not v2. This rule does not apply.
R8: IF a5=v3 AND a1=v3 AND a6=v1 AND a4=v3 → All conditions match. This rule applies.
R9: IF a1=v3 AND a6=v1 AND a4=v3 → All conditions match. This rule applies.
R10: IF a2=v2 AND a5=v2 AND a4=v3 AND a1=v3 → a2 is v1, not v2. This rule does not apply.

Rules that apply: R1, R2, R5, R8, R9.

Now, we choose the rule with the most conditions. All of these rules have the same number of conditions (3 conditions). We choose the first one.

ANSWER: R1"
exp1_f096_L1,L1,R8,R9,general,"R8, R9",R9,R9,True,1.0,True,"I will evaluate the query against each rule to see if it applies.

**Query values:**
- a1 = v3
- a2 = v3
- a3 = v1
- a4 = v1
- a5 = v1
- a6 = v3

**Rule evaluation:**

**R1:** IF a4=v3 AND a3=v2 AND a6=v3 → a4 = v1 (does not match), so R1 does not apply.

**R2:** IF a1=v1 AND a4=v2 AND a2=v3 → a1 = v3 (does not match), so R2 does not apply.

**R3:** IF a6=v1 AND a5=v2 AND a2=v3 AND a4=v1 → a6 = v3 (does not match), so R3 does not apply.

**R4:** IF a4=v2 AND a5=v2 AND a2=v3 → a4 = v1 (does not match), so R4 does not apply.

**R5:** IF a5=v2 AND a2=v2 AND a3=v1 AND a1=v3 → a5 = v1 (does not match), so R5 does not apply.

**R6:** IF a4=v2 AND a2=v1 → a4 = v1 (does not match), so R6 does not apply.

**R7:** IF a1=v1 AND a5=v2 AND a4=v1 → a1 = v3 (does not match), so R7 does not apply.

**R8:** IF a2=v3 AND a4=v1 AND a1=v3 AND a6=v3 → All conditions match (a2 = v3, a4 = v1, a1 = v3, a6 = v3). So R8 applies.

**R9:** IF a2=v3 AND a1=v3 AND a6=v3 → All conditions match (a2 = v3, a1 = v3, a6 = v3). So R9 applies.

**R10:** IF a2=v2 AND a4=v2 AND a6=v3 AND a3=v1 → a2 = v3 (does not match), so R10 does not apply.

Both R8 and R9 apply. Since R9 has the same number of conditions as R8, we choose the one with the most conditions (they both have 4 conditions).

**ANSWER: R9**"
exp1_f096_L2,L2,R8,R9,general,"R4, R8, R9","R4, R9",R9,True,0.5,True,"I will evaluate the query against each rule to see if it applies.

QUERY:
a1=v3
a2=v3
a3=v1
a4=v1
a5=v1
a6=v3

Now, let's check each rule:

R1: IF a4=v3 AND a3=v2 AND a6=v3 → a4=v1 (not v3), a3=v1 (not v2) → does not apply
R2: IF a1=v1 AND a4=v2 AND a2=v3 → a1=v3 (not v1), a4=v1 (not v2) → does not apply
R3: IF a6=v1 AND a5=v2 AND a2=v3 AND a4=v1 → a6=v3 (not v1), a5=v1 (not v2) → does not apply
R4: IF a2=v3 AND a4=v1 AND a6=v3 → a2=v3, a4=v1, a6=v3 → all conditions match → applies
R5: IF a5=v2 AND a2=v2 AND a3=v1 AND a1=v3 → a5=v1 (not v2), a2=v3 (not v2) → does not apply
R6: IF a4=v2 AND a2=v1 → a4=v1 (not v2), a2=v3 (not v1) → does not apply
R7: IF a1=v1 AND a5=v2 AND a4=v1 → a1=v3 (not v1), a5=v1 (not v2) → does not apply
R8: IF a2=v3 AND a4=v1 AND a1=v3 AND a6=v3 → a2=v3, a4=v1, a1=v3, a6=v3 → all conditions match → applies
R9: IF a2=v3 AND a1=v3 AND a6=v3 → a2=v3, a1=v3, a6=v3 → all conditions match → applies
R10: IF a2=v2 AND a4=v2 AND a6=v3 AND a3=v1 → a2=v3 (not v2), a4=v1 (not v2) → does not apply

Rules R4, R8, and R9 all apply. Among these, R9 has the most conditions (3 conditions), so it is the most applicable rule.

ANSWER: R9"
